created_at,id,id_str,full_text,Result,truncated,display_text_range,entities,extended_entities,metadata,source,in_reply_to_status_id,in_reply_to_status_id_str,in_reply_to_user_id,in_reply_to_user_id_str,in_reply_to_screen_name,user,geo,coordinates,place,contributors,is_quote_status,retweet_count,favorite_count,favorited,retweeted,possibly_sensitive,lang
Sat Apr 03 14:59:25 +0000 2021,1.37836E+18,1.37836E+18,"That offside flick-panna-goal is probably #asensio's best move this whole season üî•

#RMAEIB #LaLiga",1,FALSE,"[0, 99]","{'hashtags': [{'text': 'asensio', 'indices': [42, 50]}, {'text': 'RMAEIB', 'indices': [84, 91]}, {'text': 'LaLiga', 'indices': [92, 99]}], 'symbols': [], 'user_mentions': [], 'urls': []}","{'iso_language_code': 'en', 'result_type': 'recent'}","<a href=""http://twitter.com/download/android"" rel=""nofollow"">Twitter for Android</a>",,,,,,"{'id': 108582462, 'id_str': '108582462', 'name': 'Akhil', 'screen_name': 'akhil_fisher', 'location': 'Somewhere following football', 'description': ""Football writer üñä @talkchelsea, @managingmadrid, @SempreMilanCom etc. (+4) & Player analyst üîé @scoutingapp\n\nAll views my own, unless they're not."", 'url': 'https://t.co/IU2VwfEEx9', 'entities': {'url': {'urls': [{'url': 'https://t.co/IU2VwfEEx9', 'expanded_url': 'https://akhilfisher.contently.com', 'display_url': 'akhilfisher.contently.com', 'indices': [0, 23]}]}, 'description': {'urls': []}}, 'protected': False, 'followers_count': 113, 'friends_count': 513, 'listed_count': 1, 'created_at': 'Tue Jan 26 11:41:53 +0000 2010', 'favourites_count': 1583, 'utc_offset': None, 'time_zone': None, 'geo_enabled': True, 'verified': False, 'statuses_count': 2980, 'lang': None, 'contributors_enabled': False, 'is_translator': False, 'is_translation_enabled': False, 'profile_background_color': '0F0F0F', 'profile_background_image_url': 'http://abs.twimg.com/images/themes/theme14/bg.gif', 'profile_background_image_url_https': 'https://abs.twimg.com/images/themes/theme14/bg.gif', 'profile_background_tile': False, 'profile_image_url': 'http://pbs.twimg.com/profile_images/1064899297273991168/mYsVotjW_normal.jpg', 'profile_image_url_https': 'https://pbs.twimg.com/profile_images/1064899297273991168/mYsVotjW_normal.jpg', 'profile_banner_url': 'https://pbs.twimg.com/profile_banners/108582462/1612463964', 'profile_link_color': '1B95E0', 'profile_sidebar_border_color': '000000', 'profile_sidebar_fill_color': 'EFEFEF', 'profile_text_color': '333333', 'profile_use_background_image': True, 'has_extended_profile': False, 'default_profile': False, 'default_profile_image': False, 'following': None, 'follow_request_sent': None, 'notifications': None, 'translator_type': 'none'}",,,,,FALSE,0,1,FALSE,FALSE,en,,
Sat Apr 03 14:59:01 +0000 2021,1.37836E+18,1.37836E+18,#Asensio has the left foot of a godüî•üî•üî•üî•üî•üî•üî•üî•üî• #HalaMadrid. He‚Äôs never missing a finesse shot ü•≥ü•≥ü•≥ü•≥ü•≥,1,FALSE,"[0, 97]","{'hashtags': [{'text': 'Asensio', 'indices': [0, 8]}, {'text': 'HalaMadrid', 'indices': [45, 56]}], 'symbols': [], 'user_mentions': [], 'urls': []}","{'iso_language_code': 'en', 'result_type': 'recent'}","<a href=""http://twitter.com/download/iphone"" rel=""nofollow"">Twitter for iPhone</a>",,,,,,"{'id': 1371976956275724298, 'id_str': '1371976956275724298', 'name': 'thebestof_sky', 'screen_name': 'thebestof_sky', 'location': 'New York, NY', 'description': 'I‚Äôm a photographer,videographer and musician - Sky ‚Ä¢ #Heatnation #Halamadrid #Porcupinewarriorüá¨üá≠ #ig https://t.co/TKtCJasIOQ', 'url': 'https://t.co/RuWlt5wJrw', 'entities': {'url': {'urls': [{'url': 'https://t.co/RuWlt5wJrw', 'expanded_url': 'https://youtu.be/l3wAWxrW64A', 'display_url': 'youtu.be/l3wAWxrW64A', 'indices': [0, 23]}]}, 'description': {'urls': [{'url': 'https://t.co/TKtCJasIOQ', 'expanded_url': 'https://instagram.com/thebestof_sky?igshid=1gsilv6mhz6lh', 'display_url': 'instagram.com/thebestof_sky?‚Ä¶', 'indices': [101, 124]}]}}, 'protected': False, 'followers_count': 83, 'friends_count': 195, 'listed_count': 0, 'created_at': 'Wed Mar 17 00:09:50 +0000 2021', 'favourites_count': 250, 'utc_offset': None, 'time_zone': None, 'geo_enabled': True, 'verified': False, 'statuses_count': 278, 'lang': None, 'contributors_enabled': False, 'is_translator': False, 'is_translation_enabled': False, 'profile_background_color': 'F5F8FA', 'profile_background_image_url': None, 'profile_background_image_url_https': None, 'profile_background_tile': False, 'profile_image_url': 'http://pbs.twimg.com/profile_images/1377810426210160640/mKNAjg43_normal.jpg', 'profile_image_url_https': 'https://pbs.twimg.com/profile_images/1377810426210160640/mKNAjg43_normal.jpg', 'profile_banner_url': 'https://pbs.twimg.com/profile_banners/1371976956275724298/1615941227', 'profile_link_color': '1DA1F2', 'profile_sidebar_border_color': 'C0DEED', 'profile_sidebar_fill_color': 'DDEEF6', 'profile_text_color': '333333', 'profile_use_background_image': True, 'has_extended_profile': True, 'default_profile': True, 'default_profile_image': False, 'following': None, 'follow_request_sent': None, 'notifications': None, 'translator_type': 'none'}",,,"{'id': '011add077f4d2da3', 'url': 'https://api.twitter.com/1.1/geo/id/011add077f4d2da3.json', 'place_type': 'city', 'name': 'Brooklyn', 'full_name': 'Brooklyn, NY', 'country_code': 'US', 'country': 'United States', 'contained_within': [], 'bounding_box': {'type': 'Polygon', 'coordinates': [[[-74.041878, 40.570842], [-73.855673, 40.570842], [-73.855673, 40.739434], [-74.041878, 40.739434]]]}, 'attributes': {}}",,FALSE,0,0,FALSE,FALSE,en,,
Sat Apr 03 14:58:31 +0000 2021,1.37836E+18,1.37836E+18,"#MarcadorMerengueDeCokemon 

Goooool de @marcoasensio10 !!!

@realmadrid 1-0 @SDEibarEN 

#HalaMadrid 
#HalaMadridYNadaMas 
#RealMadridEibar 
#RealMadrid
#Asensio
#LaLiga https://t.co/YIvh052VAi",1,FALSE,"[0, 170]","{'hashtags': [{'text': 'MarcadorMerengueDeCokemon', 'indices': [0, 26]}, {'text': 'HalaMadrid', 'indices': [90, 101]}, {'text': 'HalaMadridYNadaMas', 'indices': [103, 122]}, {'text': 'RealMadridEibar', 'indices': [124, 140]}, {'text': 'RealMadrid', 'indices': [142, 153]}, {'text': 'Asensio', 'indices': [154, 162]}, {'text': 'LaLiga', 'indices': [163, 170]}], 'symbols': [], 'user_mentions': [{'screen_name': 'marcoasensio10', 'name': 'Marco Asensio', 'id': 215039104, 'id_str': '215039104', 'indices': [40, 55]}, {'screen_name': 'realmadrid', 'name': 'Real Madrid C.F.', 'id': 14872237, 'id_str': '14872237', 'indices': [61, 72]}, {'screen_name': 'SDEibarEN', 'name': 'SD Eibar üá∫üá∏üá¨üáß', 'id': 1047374641252245504, 'id_str': '1047374641252245504', 'indices': [77, 87]}], 'urls': [], 'media': [{'id': 1378361266268381186, 'id_str': '1378361266268381186', 'indices': [171, 194], 'media_url': 'http://pbs.twimg.com/tweet_video_thumb/EyDsRNAVoAIwapq.jpg', 'media_url_https': 'https://pbs.twimg.com/tweet_video_thumb/EyDsRNAVoAIwapq.jpg', 'url': 'https://t.co/YIvh052VAi', 'display_url': 'pic.twitter.com/YIvh052VAi', 'expanded_url': 'https://twitter.com/cokemon6/status/1378361277085540357/photo/1', 'type': 'photo', 'sizes': {'thumb': {'w': 150, 'h': 150, 'resize': 'crop'}, 'large': {'w': 498, 'h': 498, 'resize': 'fit'}, 'medium': {'w': 498, 'h': 498, 'resize': 'fit'}, 'small': {'w': 498, 'h': 498, 'resize': 'fit'}}}]}","{'media': [{'id': 1378361266268381186, 'id_str': '1378361266268381186', 'indices': [171, 194], 'media_url': 'http://pbs.twimg.com/tweet_video_thumb/EyDsRNAVoAIwapq.jpg', 'media_url_https': 'https://pbs.twimg.com/tweet_video_thumb/EyDsRNAVoAIwapq.jpg', 'url': 'https://t.co/YIvh052VAi', 'display_url': 'pic.twitter.com/YIvh052VAi', 'expanded_url': 'https://twitter.com/cokemon6/status/1378361277085540357/photo/1', 'type': 'animated_gif', 'sizes': {'thumb': {'w': 150, 'h': 150, 'resize': 'crop'}, 'large': {'w': 498, 'h': 498, 'resize': 'fit'}, 'medium': {'w': 498, 'h': 498, 'resize': 'fit'}, 'small': {'w': 498, 'h': 498, 'resize': 'fit'}}, 'video_info': {'aspect_ratio': [1, 1], 'variants': [{'bitrate': 0, 'content_type': 'video/mp4', 'url': 'https://video.twimg.com/tweet_video/EyDsRNAVoAIwapq.mp4'}]}}]}","{'iso_language_code': 'en', 'result_type': 'recent'}","<a href=""http://twitter.com/download/iphone"" rel=""nofollow"">Twitter for iPhone</a>",,,,,,"{'id': 905876719185391616, 'id_str': '905876719185391616', 'name': 'Coke', 'screen_name': 'cokemon6', 'location': 'Mexico', 'description': 'Le haim!!!', 'url': None, 'entities': {'description': {'urls': []}}, 'protected': False, 'followers_count': 138, 'friends_count': 760, 'listed_count': 0, 'created_at': 'Thu Sep 07 19:33:35 +0000 2017', 'favourites_count': 12464, 'utc_offset': None, 'time_zone': None, 'geo_enabled': False, 'verified': False, 'statuses_count': 5439, 'lang': None, 'contributors_enabled': False, 'is_translator': False, 'is_translation_enabled': False, 'profile_background_color': 'F5F8FA', 'profile_background_image_url': None, 'profile_background_image_url_https': None, 'profile_background_tile': False, 'profile_image_url': 'http://pbs.twimg.com/profile_images/1293371761166229505/CC1O_XWK_normal.jpg', 'profile_image_url_https': 'https://pbs.twimg.com/profile_images/1293371761166229505/CC1O_XWK_normal.jpg', 'profile_banner_url': 'https://pbs.twimg.com/profile_banners/905876719185391616/1594998121', 'profile_link_color': '1DA1F2', 'profile_sidebar_border_color': 'C0DEED', 'profile_sidebar_fill_color': 'DDEEF6', 'profile_text_color': '333333', 'profile_use_background_image': True, 'has_extended_profile': False, 'default_profile': True, 'default_profile_image': False, 'following': None, 'follow_request_sent': None, 'notifications': None, 'translator_type': 'none'}",,,,,FALSE,0,0,FALSE,FALSE,FALSE,en
Sat Apr 03 14:58:20 +0000 2021,1.37836E+18,1.37836E+18,"Fcuk you VAR, come rule out this too ! üî•üî•üî•üòÇü§£üòÇ #Asensio #HalaMadrid",1,FALSE,"[0, 66]","{'hashtags': [{'text': 'Asensio', 'indices': [46, 54]}, {'text': 'HalaMadrid', 'indices': [55, 66]}], 'symbols': [], 'user_mentions': [], 'urls': []}","{'iso_language_code': 'en', 'result_type': 'recent'}","<a href=""http://twitter.com/download/iphone"" rel=""nofollow"">Twitter for iPhone</a>",,,,,,"{'id': 1258533951699910660, 'id_str': '1258533951699910660', 'name': 'Nipa Y3 Bad', 'screen_name': 'byosef_', 'location': '', 'description': ""It is unwise to be too sure of one's own wisdom !!! 100% Meditant üïä #HalaMadrid üí´"", 'url': None, 'entities': {'description': {'urls': []}}, 'protected': False, 'followers_count': 1400, 'friends_count': 1434, 'listed_count': 0, 'created_at': 'Thu May 07 23:07:53 +0000 2020', 'favourites_count': 4767, 'utc_offset': None, 'time_zone': None, 'geo_enabled': True, 'verified': False, 'statuses_count': 6004, 'lang': None, 'contributors_enabled': False, 'is_translator': False, 'is_translation_enabled': False, 'profile_background_color': 'F5F8FA', 'profile_background_image_url': None, 'profile_background_image_url_https': None, 'profile_background_tile': False, 'profile_image_url': 'http://pbs.twimg.com/profile_images/1363495389865922561/0hfmRkq4_normal.jpg', 'profile_image_url_https': 'https://pbs.twimg.com/profile_images/1363495389865922561/0hfmRkq4_normal.jpg', 'profile_banner_url': 'https://pbs.twimg.com/profile_banners/1258533951699910660/1588893726', 'profile_link_color': '1DA1F2', 'profile_sidebar_border_color': 'C0DEED', 'profile_sidebar_fill_color': 'DDEEF6', 'profile_text_color': '333333', 'profile_use_background_image': True, 'has_extended_profile': False, 'default_profile': True, 'default_profile_image': False, 'following': None, 'follow_request_sent': None, 'notifications': None, 'translator_type': 'none'}",,,,,FALSE,0,1,FALSE,FALSE,en,,
Sat Apr 03 14:58:05 +0000 2021,1.37836E+18,1.37836E+18,Gooooool #RealMadrid min 41 #Asensio 1/0 vs #Eibar #RealMadridEibar,1,FALSE,"[0, 67]","{'hashtags': [{'text': 'RealMadrid', 'indices': [9, 20]}, {'text': 'Asensio', 'indices': [28, 36]}, {'text': 'Eibar', 'indices': [44, 50]}, {'text': 'RealMadridEibar', 'indices': [51, 67]}], 'symbols': [], 'user_mentions': [], 'urls': []}","{'iso_language_code': 'en', 'result_type': 'recent'}","<a href=""http://twitter.com/download/iphone"" rel=""nofollow"">Twitter for iPhone</a>",,,,,,"{'id': 721850605518491648, 'id_str': '721850605518491648', 'name': 'Juan Carlos Ramirez OSOJCRG üá≤üáΩ', 'screen_name': 'Osovisionn', 'location': 'CDMX', 'description': 'El miedo lleva a la ira, la ira lleva al odio, el odio lleva al sufrimiento.', 'url': 'https://t.co/KwQpy6xPzF', 'entities': {'url': {'urls': [{'url': 'https://t.co/KwQpy6xPzF', 'expanded_url': 'http://www.consejeros.com.mx', 'display_url': 'consejeros.com.mx', 'indices': [0, 23]}]}, 'description': {'urls': []}}, 'protected': False, 'followers_count': 72, 'friends_count': 141, 'listed_count': 0, 'created_at': 'Sun Apr 17 23:59:30 +0000 2016', 'favourites_count': 38, 'utc_offset': None, 'time_zone': None, 'geo_enabled': False, 'verified': False, 'statuses_count': 24327, 'lang': None, 'contributors_enabled': False, 'is_translator': False, 'is_translation_enabled': False, 'profile_background_color': 'F5F8FA', 'profile_background_image_url': None, 'profile_background_image_url_https': None, 'profile_background_tile': False, 'profile_image_url': 'http://pbs.twimg.com/profile_images/1174480867613454338/666sswIo_normal.jpg', 'profile_image_url_https': 'https://pbs.twimg.com/profile_images/1174480867613454338/666sswIo_normal.jpg', 'profile_banner_url': 'https://pbs.twimg.com/profile_banners/721850605518491648/1551823502', 'profile_link_color': '1DA1F2', 'profile_sidebar_border_color': 'C0DEED', 'profile_sidebar_fill_color': 'DDEEF6', 'profile_text_color': '333333', 'profile_use_background_image': True, 'has_extended_profile': True, 'default_profile': True, 'default_profile_image': False, 'following': None, 'follow_request_sent': None, 'notifications': None, 'translator_type': 'none'}",,,,,FALSE,0,0,FALSE,FALSE,en,,
Sat Apr 03 14:57:14 +0000 2021,1.37836E+18,1.37836E+18,This time legal goal by Asensio #RealMadridEibar #RealMadrid #HalaMadrid #asensio,1,FALSE,"[0, 81]","{'hashtags': [{'text': 'RealMadridEibar', 'indices': [32, 48]}, {'text': 'RealMadrid', 'indices': [49, 60]}, {'text': 'HalaMadrid', 'indices': [61, 72]}, {'text': 'asensio', 'indices': [73, 81]}], 'symbols': [], 'user_mentions': [], 'urls': []}","{'iso_language_code': 'en', 'result_type': 'recent'}","<a href=""http://twitter.com/download/android"" rel=""nofollow"">Twitter for Android</a>",,,,,,"{'id': 2513349486, 'id_str': '2513349486', 'name': 'Nasir', 'screen_name': 'Im_madridista_7', 'location': '', 'description': 'Real Madrid is everything .. Hala Madrid.', 'url': None, 'entities': {'description': {'urls': []}}, 'protected': False, 'followers_count': 441, 'friends_count': 588, 'listed_count': 13, 'created_at': 'Wed May 21 18:46:53 +0000 2014', 'favourites_count': 56243, 'utc_offset': None, 'time_zone': None, 'geo_enabled': True, 'verified': False, 'statuses_count': 22617, 'lang': None, 'contributors_enabled': False, 'is_translator': False, 'is_translation_enabled': False, 'profile_background_color': 'C0DEED', 'profile_background_image_url': 'http://abs.twimg.com/images/themes/theme1/bg.png', 'profile_background_image_url_https': 'https://abs.twimg.com/images/themes/theme1/bg.png', 'profile_background_tile': False, 'profile_image_url': 'http://pbs.twimg.com/profile_images/1283872347154296832/3GiZnkpc_normal.jpg', 'profile_image_url_https': 'https://pbs.twimg.com/profile_images/1283872347154296832/3GiZnkpc_normal.jpg', 'profile_banner_url': 'https://pbs.twimg.com/profile_banners/2513349486/1594933975', 'profile_link_color': '1DA1F2', 'profile_sidebar_border_color': 'C0DEED', 'profile_sidebar_fill_color': 'DDEEF6', 'profile_text_color': '333333', 'profile_use_background_image': True, 'has_extended_profile': False, 'default_profile': True, 'default_profile_image': False, 'following': None, 'follow_request_sent': None, 'notifications': None, 'translator_type': 'none'}",,,,,FALSE,0,0,FALSE,FALSE,en,,
Sat Apr 03 14:57:08 +0000 2021,1.37836E+18,1.37836E+18,Asensio might be coming back to his brilliant best!! #halamadrid #RealMadrid #asensio #marcoasensio,1,FALSE,"[0, 99]","{'hashtags': [{'text': 'halamadrid', 'indices': [53, 64]}, {'text': 'RealMadrid', 'indices': [65, 76]}, {'text': 'asensio', 'indices': [77, 85]}, {'text': 'marcoasensio', 'indices': [86, 99]}], 'symbols': [], 'user_mentions': [], 'urls': []}","{'iso_language_code': 'en', 'result_type': 'recent'}","<a href=""http://twitter.com/download/android"" rel=""nofollow"">Twitter for Android</a>",,,,,,"{'id': 774194448892702720, 'id_str': '774194448892702720', 'name': 'Shivam Sharma', 'screen_name': 'shivams273', 'location': '', 'description': '', 'url': 'https://t.co/DR6pApzzNJ', 'entities': {'url': {'urls': [{'url': 'https://t.co/DR6pApzzNJ', 'expanded_url': 'https://www.instagram.com/shivamsharma273/', 'display_url': 'instagram.com/shivamsharma27‚Ä¶', 'indices': [0, 23]}]}, 'description': {'urls': []}}, 'protected': False, 'followers_count': 3, 'friends_count': 63, 'listed_count': 0, 'created_at': 'Fri Sep 09 10:35:15 +0000 2016', 'favourites_count': 6054, 'utc_offset': None, 'time_zone': None, 'geo_enabled': False, 'verified': False, 'statuses_count': 111, 'lang': None, 'contributors_enabled': False, 'is_translator': False, 'is_translation_enabled': False, 'profile_background_color': 'F5F8FA', 'profile_background_image_url': None, 'profile_background_image_url_https': None, 'profile_background_tile': False, 'profile_image_url': 'http://pbs.twimg.com/profile_images/1328603106507153411/r9z920du_normal.jpg', 'profile_image_url_https': 'https://pbs.twimg.com/profile_images/1328603106507153411/r9z920du_normal.jpg', 'profile_link_color': '1DA1F2', 'profile_sidebar_border_color': 'C0DEED', 'profile_sidebar_fill_color': 'DDEEF6', 'profile_text_color': '333333', 'profile_use_background_image': True, 'has_extended_profile': False, 'default_profile': True, 'default_profile_image': False, 'following': None, 'follow_request_sent': None, 'notifications': None, 'translator_type': 'none'}",,,,,FALSE,0,0,FALSE,FALSE,en,,
Sat Apr 03 14:56:47 +0000 2021,1.37836E+18,1.37836E+18,"Denied by offside, back in it. #Asensio",1,FALSE,"[0, 39]","{'hashtags': [{'text': 'Asensio', 'indices': [31, 39]}], 'symbols': [], 'user_mentions': [], 'urls': []}","{'iso_language_code': 'en', 'result_type': 'recent'}","<a href=""http://twitter.com/download/iphone"" rel=""nofollow"">Twitter for iPhone</a>",,,,,,"{'id': 2751716985, 'id_str': '2751716985', 'name': '‚¨úÔ∏è‚¨õÔ∏è', 'screen_name': 'francis_adewale', 'location': '', 'description': 'Occupational Therapist | Goalkeeper for @Thesaintsfc_ supports @juventusfcen Winner of @Thesocialiga 2016, 2017 and 2019 Winner of @PremiercoolNG 2018 ü¶à', 'url': None, 'entities': {'description': {'urls': []}}, 'protected': False, 'followers_count': 1441, 'friends_count': 1562, 'listed_count': 3, 'created_at': 'Tue Aug 26 14:35:46 +0000 2014', 'favourites_count': 6971, 'utc_offset': None, 'time_zone': None, 'geo_enabled': True, 'verified': False, 'statuses_count': 17369, 'lang': None, 'contributors_enabled': False, 'is_translator': False, 'is_translation_enabled': False, 'profile_background_color': 'C0DEED', 'profile_background_image_url': 'http://abs.twimg.com/images/themes/theme1/bg.png', 'profile_background_image_url_https': 'https://abs.twimg.com/images/themes/theme1/bg.png', 'profile_background_tile': False, 'profile_image_url': 'http://pbs.twimg.com/profile_images/1367631546723753984/Z5weffmC_normal.jpg', 'profile_image_url_https': 'https://pbs.twimg.com/profile_images/1367631546723753984/Z5weffmC_normal.jpg', 'profile_banner_url': 'https://pbs.twimg.com/profile_banners/2751716985/1609622133', 'profile_link_color': '1DA1F2', 'profile_sidebar_border_color': 'C0DEED', 'profile_sidebar_fill_color': 'DDEEF6', 'profile_text_color': '333333', 'profile_use_background_image': True, 'has_extended_profile': False, 'default_profile': True, 'default_profile_image': False, 'following': None, 'follow_request_sent': None, 'notifications': None, 'translator_type': 'none'}",,,,,FALSE,0,0,FALSE,FALSE,en,,
Sat Apr 03 14:56:23 +0000 2021,1.37836E+18,1.37836E+18,"This is one of the best performance I have seen @realmadriden put up in a long while. Despite two goals converted to offsides, our attacking strength had improved, so also our midfield prowess. 

Keep up this form to #Elclassico 

#RMAEIB #RMLive #Asensioüî•",,FALSE,"[0, 256]","{'hashtags': [{'text': 'Elclassico', 'indices': [217, 228]}, {'text': 'RMAEIB', 'indices': [231, 238]}, {'text': 'RMLive', 'indices': [239, 246]}, {'text': 'Asensio', 'indices': [247, 255]}], 'symbols': [], 'user_mentions': [{'screen_name': 'realmadriden', 'name': 'Real Madrid C.F. üá¨üáßüá∫üá∏', 'id': 452155423, 'id_str': '452155423', 'indices': [48, 61]}], 'urls': []}","{'iso_language_code': 'en', 'result_type': 'recent'}","<a href=""http://twitter.com/download/iphone"" rel=""nofollow"">Twitter for iPhone</a>",,,,,,"{'id': 134855799, 'id_str': '134855799', 'name': 'Bashir Usman, FCA', 'screen_name': 'senatorbash', 'location': 'Calabar, Nigeria', 'description': 'Nigerian, Sunni-Muslim, Husband, Father, ABU Alumnus, Madridsta', 'url': None, 'entities': {'description': {'urls': []}}, 'protected': False, 'followers_count': 31259, 'friends_count': 8052, 'listed_count': 8, 'created_at': 'Mon Apr 19 16:57:43 +0000 2010', 'favourites_count': 26630, 'utc_offset': None, 'time_zone': None, 'geo_enabled': True, 'verified': False, 'statuses_count': 42355, 'lang': None, 'contributors_enabled': False, 'is_translator': False, 'is_translation_enabled': False, 'profile_background_color': 'C0DEED', 'profile_background_image_url': 'http://abs.twimg.com/images/themes/theme1/bg.png', 'profile_background_image_url_https': 'https://abs.twimg.com/images/themes/theme1/bg.png', 'profile_background_tile': False, 'profile_image_url': 'http://pbs.twimg.com/profile_images/1320365878832222209/QVFlKCaq_normal.jpg', 'profile_image_url_https': 'https://pbs.twimg.com/profile_images/1320365878832222209/QVFlKCaq_normal.jpg', 'profile_banner_url': 'https://pbs.twimg.com/profile_banners/134855799/1480532966', 'profile_link_color': '1DA1F2', 'profile_sidebar_border_color': 'C0DEED', 'profile_sidebar_fill_color': 'DDEEF6', 'profile_text_color': '333333', 'profile_use_background_image': True, 'has_extended_profile': True, 'default_profile': True, 'default_profile_image': False, 'following': None, 'follow_request_sent': None, 'notifications': None, 'translator_type': 'none'}",,,"{'id': '005c6f3641f95852', 'url': 'https://api.twitter.com/1.1/geo/id/005c6f3641f95852.json', 'place_type': 'city', 'name': 'Calabar', 'full_name': 'Calabar, Nigeria', 'country_code': 'NG', 'country': 'Nigeria', 'contained_within': [], 'bounding_box': {'type': 'Polygon', 'coordinates': [[[8.3075007, 4.9112081], [8.372645, 4.9112081], [8.372645, 5.0414683], [8.3075007, 5.0414683]]]}, 'attributes': {}}",,FALSE,0,2,FALSE,FALSE,en,,
Sat Apr 03 14:54:08 +0000 2021,1.37836E+18,1.37836E+18,What a goal #HalaMadrid #Asensio,1,FALSE,"[0, 32]","{'hashtags': [{'text': 'HalaMadrid', 'indices': [12, 23]}, {'text': 'Asensio', 'indices': [24, 32]}], 'symbols': [], 'user_mentions': [], 'urls': []}","{'iso_language_code': 'en', 'result_type': 'recent'}","<a href=""http://twitter.com/download/iphone"" rel=""nofollow"">Twitter for iPhone</a>",,,,,,"{'id': 116901235, 'id_str': '116901235', 'name': 'Azareel', 'screen_name': 'azareeel7', 'location': 'San Antonio, TX', 'description': 'God first, always. #HalaMadrid #ChivasDeCorazon', 'url': None, 'entities': {'description': {'urls': []}}, 'protected': False, 'followers_count': 860, 'friends_count': 83, 'listed_count': 8, 'created_at': 'Tue Feb 23 23:00:33 +0000 2010', 'favourites_count': 2284, 'utc_offset': None, 'time_zone': None, 'geo_enabled': True, 'verified': False, 'statuses_count': 28852, 'lang': None, 'contributors_enabled': False, 'is_translator': False, 'is_translation_enabled': False, 'profile_background_color': 'C0DEED', 'profile_background_image_url': 'http://abs.twimg.com/images/themes/theme1/bg.png', 'profile_background_image_url_https': 'https://abs.twimg.com/images/themes/theme1/bg.png', 'profile_background_tile': True, 'profile_image_url': 'http://pbs.twimg.com/profile_images/1325655884270333952/sTzsNz3Z_normal.jpg', 'profile_image_url_https': 'https://pbs.twimg.com/profile_images/1325655884270333952/sTzsNz3Z_normal.jpg', 'profile_banner_url': 'https://pbs.twimg.com/profile_banners/116901235/1605157218', 'profile_link_color': '0084B4', 'profile_sidebar_border_color': 'FFFFFF', 'profile_sidebar_fill_color': 'DDEEF6', 'profile_text_color': '333333', 'profile_use_background_image': True, 'has_extended_profile': True, 'default_profile': False, 'default_profile_image': False, 'following': None, 'follow_request_sent': None, 'notifications': None, 'translator_type': 'none'}",,,,,FALSE,0,0,FALSE,FALSE,en,,
Wed Mar 31 16:30:00 +0000 2021,1.3773E+18,1.3773E+18,"Too much class üíé
--
#asensio #adidasfootball #predatoraccelerator https://t.co/1YIE2HYIgK",1,FALSE,"[0, 65]","{'hashtags': [{'text': 'asensio', 'indices': [20, 28]}, {'text': 'adidasfootball', 'indices': [29, 44]}, {'text': 'predatoraccelerator', 'indices': [45, 65]}], 'symbols': [], 'user_mentions': [], 'urls': [], 'media': [{'id': 1377149731948830720, 'id_str': '1377149731948830720', 'indices': [66, 89], 'media_url': 'http://pbs.twimg.com/media/ExyeYn9VoAAdacU.jpg', 'media_url_https': 'https://pbs.twimg.com/media/ExyeYn9VoAAdacU.jpg', 'url': 'https://t.co/1YIE2HYIgK', 'display_url': 'pic.twitter.com/1YIE2HYIgK', 'expanded_url': 'https://twitter.com/futbolemotion/status/1377297133531844616/photo/1', 'type': 'photo', 'sizes': {'thumb': {'w': 150, 'h': 150, 'resize': 'crop'}, 'medium': {'w': 1200, 'h': 675, 'resize': 'fit'}, 'large': {'w': 1200, 'h': 675, 'resize': 'fit'}, 'small': {'w': 680, 'h': 383, 'resize': 'fit'}}}]}","{'media': [{'id': 1377149731948830720, 'id_str': '1377149731948830720', 'indices': [66, 89], 'media_url': 'http://pbs.twimg.com/media/ExyeYn9VoAAdacU.jpg', 'media_url_https': 'https://pbs.twimg.com/media/ExyeYn9VoAAdacU.jpg', 'url': 'https://t.co/1YIE2HYIgK', 'display_url': 'pic.twitter.com/1YIE2HYIgK', 'expanded_url': 'https://twitter.com/futbolemotion/status/1377297133531844616/photo/1', 'type': 'photo', 'sizes': {'thumb': {'w': 150, 'h': 150, 'resize': 'crop'}, 'medium': {'w': 1200, 'h': 675, 'resize': 'fit'}, 'large': {'w': 1200, 'h': 675, 'resize': 'fit'}, 'small': {'w': 680, 'h': 383, 'resize': 'fit'}}}]}","{'iso_language_code': 'en', 'result_type': 'recent'}","<a href=""https://about.twitter.com/products/tweetdeck"" rel=""nofollow"">TweetDeck</a>",,,,,,"{'id': 93050318, 'id_str': '93050318', 'name': 'F√∫tbol Emotion', 'screen_name': 'futbolemotion', 'location': 'Zaragoza Spain', 'description': 'La tienda l√≠der de f√∫tbol en Espa√±a. \nüìΩ Youtube: https://t.co/MO5262A5tf \nüì∏ Instagram: https://t.co/3UKfIcEkyF\n‚Ñπ Consultas: soporte@futbolemotion.com', 'url': 'https://t.co/Vxygf58So8', 'entities': {'url': {'urls': [{'url': 'https://t.co/Vxygf58So8', 'expanded_url': 'https://www.futbolemotion.com', 'display_url': 'futbolemotion.com', 'indices': [0, 23]}]}, 'description': {'urls': [{'url': 'https://t.co/MO5262A5tf', 'expanded_url': 'http://youtube.com/futbolemotion', 'display_url': 'youtube.com/futbolemotion', 'indices': [49, 72]}, {'url': 'https://t.co/3UKfIcEkyF', 'expanded_url': 'http://instagram.com/futbolemotion', 'display_url': 'instagram.com/futbolemotion', 'indices': [87, 110]}]}}, 'protected': False, 'followers_count': 42181, 'friends_count': 451, 'listed_count': 89, 'created_at': 'Fri Nov 27 21:20:51 +0000 2009', 'favourites_count': 2563, 'utc_offset': None, 'time_zone': None, 'geo_enabled': True, 'verified': True, 'statuses_count': 15414, 'lang': None, 'contributors_enabled': False, 'is_translator': False, 'is_translation_enabled': False, 'profile_background_color': '000000', 'profile_background_image_url': 'http://abs.twimg.com/images/themes/theme1/bg.png', 'profile_background_image_url_https': 'https://abs.twimg.com/images/themes/theme1/bg.png', 'profile_background_tile': False, 'profile_image_url': 'http://pbs.twimg.com/profile_images/1332236450121863168/luxuI0hA_normal.jpg', 'profile_image_url_https': 'https://pbs.twimg.com/profile_images/1332236450121863168/luxuI0hA_normal.jpg', 'profile_banner_url': 'https://pbs.twimg.com/profile_banners/93050318/1611138301', 'profile_link_color': '1B95E0', 'profile_sidebar_border_color': 'C0DEED', 'profile_sidebar_fill_color': 'DDEEF6', 'profile_text_color': '333333', 'profile_use_background_image': True, 'has_extended_profile': False, 'default_profile': False, 'default_profile_image': False, 'following': None, 'follow_request_sent': None, 'notifications': None, 'translator_type': 'none'}",,,,,FALSE,1,12,FALSE,FALSE,FALSE,en
Sat Mar 27 17:51:11 +0000 2021,1.37587E+18,1.37587E+18,"Back in business ‚ö™ü§©

-
#marcoasensio #asensio #realmadrid #halamadrid #madrid https://t.co/2WwqLNxuac",1,FALSE,"[0, 77]","{'hashtags': [{'text': 'marcoasensio', 'indices': [23, 36]}, {'text': 'asensio', 'indices': [37, 45]}, {'text': 'realmadrid', 'indices': [46, 57]}, {'text': 'halamadrid', 'indices': [58, 69]}, {'text': 'madrid', 'indices': [70, 77]}], 'symbols': [], 'user_mentions': [], 'urls': [], 'media': [{'id': 1375868010523725830, 'id_str': '1375868010523725830', 'indices': [78, 101], 'media_url': 'http://pbs.twimg.com/media/ExgQqnkXEAY9qz_.jpg', 'media_url_https': 'https://pbs.twimg.com/media/ExgQqnkXEAY9qz_.jpg', 'url': 'https://t.co/2WwqLNxuac', 'display_url': 'pic.twitter.com/2WwqLNxuac', 'expanded_url': 'https://twitter.com/FadelDesign_/status/1375868014403452929/photo/1', 'type': 'photo', 'sizes': {'thumb': {'w': 150, 'h': 150, 'resize': 'crop'}, 'small': {'w': 544, 'h': 680, 'resize': 'fit'}, 'medium': {'w': 961, 'h': 1200, 'resize': 'fit'}, 'large': {'w': 1080, 'h': 1349, 'resize': 'fit'}}}]}","{'media': [{'id': 1375868010523725830, 'id_str': '1375868010523725830', 'indices': [78, 101], 'media_url': 'http://pbs.twimg.com/media/ExgQqnkXEAY9qz_.jpg', 'media_url_https': 'https://pbs.twimg.com/media/ExgQqnkXEAY9qz_.jpg', 'url': 'https://t.co/2WwqLNxuac', 'display_url': 'pic.twitter.com/2WwqLNxuac', 'expanded_url': 'https://twitter.com/FadelDesign_/status/1375868014403452929/photo/1', 'type': 'photo', 'sizes': {'thumb': {'w': 150, 'h': 150, 'resize': 'crop'}, 'small': {'w': 544, 'h': 680, 'resize': 'fit'}, 'medium': {'w': 961, 'h': 1200, 'resize': 'fit'}, 'large': {'w': 1080, 'h': 1349, 'resize': 'fit'}}}]}","{'iso_language_code': 'en', 'result_type': 'recent'}","<a href=""http://twitter.com/download/android"" rel=""nofollow"">Twitter for Android</a>",,,,,,"{'id': 1320754368950489088, 'id_str': '1320754368950489088', 'name': 'fadel - footballedits11', 'screen_name': 'FadelDesign_', 'location': 'Lebanon', 'description': '‚ö†Ô∏è - Edit Account | ‚öΩÔ∏è - Football Designer instagram footballedits page (1.6k+) follow! ‚¨áÔ∏è', 'url': 'https://t.co/pFkoGPIbZq', 'entities': {'url': {'urls': [{'url': 'https://t.co/pFkoGPIbZq', 'expanded_url': 'https://instagram.com/_footballedits.11', 'display_url': 'instagram.com/_footballedits‚Ä¶', 'indices': [0, 23]}]}, 'description': {'urls': []}}, 'protected': False, 'followers_count': 22, 'friends_count': 0, 'listed_count': 0, 'created_at': 'Mon Oct 26 15:49:28 +0000 2020', 'favourites_count': 0, 'utc_offset': None, 'time_zone': None, 'geo_enabled': True, 'verified': False, 'statuses_count': 138, 'lang': None, 'contributors_enabled': False, 'is_translator': False, 'is_translation_enabled': False, 'profile_background_color': 'F5F8FA', 'profile_background_image_url': None, 'profile_background_image_url_https': None, 'profile_background_tile': False, 'profile_image_url': 'http://pbs.twimg.com/profile_images/1374103343379980288/haBoiDBx_normal.jpg', 'profile_image_url_https': 'https://pbs.twimg.com/profile_images/1374103343379980288/haBoiDBx_normal.jpg', 'profile_banner_url': 'https://pbs.twimg.com/profile_banners/1320754368950489088/1616414961', 'profile_link_color': '1DA1F2', 'profile_sidebar_border_color': 'C0DEED', 'profile_sidebar_fill_color': 'DDEEF6', 'profile_text_color': '333333', 'profile_use_background_image': True, 'has_extended_profile': False, 'default_profile': True, 'default_profile_image': False, 'following': None, 'follow_request_sent': None, 'notifications': None, 'translator_type': 'none'}",,,,,FALSE,0,0,FALSE,FALSE,FALSE,en
